{
    "score": -0.23059866962305986,
    "exact_accuracy": 0.04951958610495196,
    "accuracy": 0.3085735402808574,
    "hallucination": 0.5391722099039172,
    "missing": 0.15225424981522542,
    "n_miss": 412,
    "n_correct": 835,
    "n_correct_exact": 134,
    "total": 2706
}