{
    "score": -0.09513108614232213,
    "exact_accuracy": 0.050187265917602995,
    "accuracy": 0.3790262172284644,
    "hallucination": 0.47415730337078654,
    "missing": 0.14681647940074907,
    "n_miss": 196,
    "n_correct": 506,
    "n_correct_exact": 67,
    "total": 1335
}