{
    "score": -0.08913857677902626,
    "exact_accuracy": 0.03445692883895131,
    "accuracy": 0.21348314606741572,
    "hallucination": 0.30262172284644195,
    "missing": 0.48389513108614235,
    "n_miss": 646,
    "n_correct": 285,
    "n_correct_exact": 46,
    "total": 1335
}