{
    "score": -0.11382113821138207,
    "exact_accuracy": 0.03695491500369549,
    "accuracy": 0.21175166297117518,
    "hallucination": 0.32557280118255727,
    "missing": 0.4626755358462675,
    "n_miss": 1252,
    "n_correct": 573,
    "n_correct_exact": 100,
    "total": 2706
}