{
    "score": -0.09438202247191008,
    "exact_accuracy": 0.04868913857677903,
    "accuracy": 0.37378277153558054,
    "hallucination": 0.4681647940074906,
    "missing": 0.15805243445692885,
    "n_miss": 211,
    "n_correct": 499,
    "n_correct_exact": 65,
    "total": 1335
}